"THIS AGREEMENT (the “Agreement”) is made this 15th day of December, 2014, by and between RESTAURANT BRANDS INTERNATIONAL INC., a Canadian corporation with its principal offices located at 874 Sinclair Road, Oakville, Ontario, Canada (“RBI”) and Marc Caira, residing at 9 Boardwalk Drive, Toronto, Ontario M4L6T1 (“Consultant”)."
"RBI desires to retain the Consultant to provide certain services as described in Exhibit “A”, attached and made a part of this Agreement (collectively the “Services”)."
The Consultant agrees to provide the Services in a professional and efficient manner and with a high degree of care and diligence.
"This Agreement shall commence on January 1, 2015 (the “Effective Date”) and terminate on December 31, 2017 (“Termination Date”), subject to earlier termination in accordance with Section 2(b) of this Agreement."
Early Termination.
"This Agreement will be deemed to have been executed and delivered in the Province of Ontario, Canada, and it will be governed by and construed in accordance with the laws of Ontario and the laws of Canada applicable in the Province of Ontario without resort to said Province’s conflicts of laws rules."
"This Director Indemnification Agreement, dated as of December 23, 2014 (this “Agreement”), is made by and between Restaurant Brands International Inc., a corporation incorporated under the laws of Canada (the “Corporation”), and (“Indemnitee”)."
"A. Section 102 of the Canada Business Corporations Act (the “Act”) provides, among other things, that the directors shall manage, or supervise the management of, the business and affairs of a corporation."
(a) “Change in Control” is deemed to have occurred on the first to occur of any one of the events set forth in the following paragraphs:
"Notwithstanding the foregoing, no “Change in Control” is deemed to have occurred if there is consummated any transaction or series of integrated transactions immediately following which the record holders of the common shares of the Corporation immediately prior to such transaction or series of transactions continue to have substantially the same proportionate ownership in an entity which owns all or substantially all of the assets of the Corporation immediately following such transaction or series of transactions."
"RESTAURANT BRANDS INTERNATIONAL INC.
	
By: 		 
Name:
Title:"
"INDEMNITEE
	
By: 		 
Name:
	
Address: "
"RESTAURANT BRANDS INTERNATIONAL, INC.
	
By: 	  	/s/ Daniel Schwartz    
Print Name: Daniel Schwartz                                      
Print Title: Chief Executive Officer   "
"CONSULTANT:
/s/ Marc Caira            
Marc Caira"
"THIS AGREEMENT entered into and effective January 10,2012, in Broward County, Florida, by and between RedFin Network, Inc., (REDFIN) a Florida corporation with corporate offices at 1500 W Cypress Creek Rd., Suite 411, Ft. Lauderdale, FL 33309. (hereinafter referred to as ""Employer"") and, David Rappa an individual, residing at, 3005 Lake Shore Dr., Deerfield Beach, Fl 33442 (hereinafter referred to as ""Employee""); (hereinafter sometimes collectively referred to as “Parties” or singularly as “party”)."
"WHEREAS, REDFIN is a financial services company specializing in payment processing."
"WHEREAS, incident to the performance of Employee's duties for Employer, Employee will occupy a position of trust and confidence and will be given access to proprietary and confidential and privileged information regarding the business, operations, assets and trade secrets of Employer, including but not limited to, access to vendor identity, pricing, sales techniques, customer identification, contact with customers and potential customers and the like;"
"Employee agrees to follow the terms, rules and regulations established for publicly traded companies or other federal, state and governmental authorities establishing the same or similar guidelines unless otherwise notified."
"Employee shall be entitled to two (3) weeks paid vacation during each twelve-month period of the term hereof, to be taken at such times as Employer and Employee shall mutually determine and provided that no vacation time shall materially interfere with the duties which Employee is required to render hereunder. Vacation time may not be carried over from one twelve month period to a succeeding twelve-month period."
"Notwithstanding anything in this Agreement to the contrary, in the event that Employer shall discontinue operating its business then this Agreement will terminate as of the last day of the month in which Employer ceases operations with the same force and effect as if that day were originally set forth as the termination date of this Agreement and neither party shall have any further liability hereunder"
"Solely for purposes of this Section, the term ""Employer"" also shall include any existing or future subsidiaries of Employer that are operating during the time periods described herein and any other entities that directly or indirectly, through one or more intermediaries, control, are controlled by or are under common control with Employer during the periods described herein."
"Nothing expressed or implied in this Agreement is intended, or shall be construed, to confer upon or give any person other than Employer, the parties hereto and their respective heirs, personal representatives, legal representatives, successors and assigns, any rights or remedies under or by reason of this Agreement."
"IN WITNESS WHEREOF, the undersigned have executed this Agreement as of the date first above written."
"RedFin Network, Inc

By:
   ---------------------------------
   Jeffrey L. Schultz - Employer
   President/CEO
   RedFin Network, Inc."
"By:
   ---------------------------------
   David Rappa   - Employee
   VP Sales/Business Development– RedFin Network, Inc."
"THIS AGREEMENT entered into on August 16, 2010 and effective August 01, 2010, in Broward County, Florida, by and between Secured Financial Network, Inc., (SFNL) a Nevada corporation with corporate offices at 1180 SW 36th Avenue, Suite 204, Pompano Beach, FL 33069. (hereinafter referred to as ""Employer"") and Michael E. Fasci, an individual, residing at 113 County Road, East Freetown, MA 02717, (hereinafter referred to as ""Employee""); (hereinafter sometimes collectively referred to as “Parties” or singularly as “party”)."
"WHEREAS, SFNL is a financial services company specializing electronic transactions."
"WHEREAS, Employee acknowledges that the business which employer is engaged is and/or may be subject to extensive governmental or other rules or regulations; and"
"Employer shall provide medical, dental and ophthalmic benefits to Employee and family pursuant to the same plans or programs presently and/or offered to its employees subject to the general eligibility and participation provisions set forth in such plans or programs, as offered by the employer from time to time. No plan has been initiated as of this date."
"18.            Employer shall at all times have the right, upon written notice to Employee to terminate Employee's employment hereunder, for cause. For purposes of this Agreement, the term ""cause"" shall mean:

 
A. 
an action or omission of the Employee which constitutes a willful and material breach of this Agreement which is not cured within ten (10) days after receipt by the Employee of written notice of same or, if such breach is not capable of cure within such ten (10) day period, if the Employee has not commenced diligently to cure such breach in the shortest time possible;
 
 
B. 
fraud, embezzlement, misappropriation of funds or breach of trust in connection with his services hereunder;
 
 
C. 
conviction of any crime which involves dishonesty or a breach of trust;
 
 
D. 
negligence in connection with the performance of the Employee's duties hereunder; or

 
E.
the material and willful or knowing failure or refusal (other  than as a result of a disability) by Employee to perform his duties hereunder. Upon and termination pursuant to this Section, Employer shall have no further liability hereunder."
"22.           Employee shall not at any time divulge, communicate, use to the detriment of Employer or for the benefit of any other person or persons, or misuse in any way, any confidential information (as hereinafter defined) pertaining to the business of Employer."
"32.            Any dispute or controversy arising under or in connection with this Agreement shall be settled exclusively by arbitration in Bristol County, MA in accordance with the Rules of the American Arbitration Association then in effect (except to the extent that the procedures outlined below differ from such rules). Within thirty (30) days after written notice by either party has been given that a dispute exists and that arbitration is required, each party must select an arbitrator and those two arbitrators shall promptly, but in no event later than thirty (30) days after their selection, select a third arbitrator. The parties agree to act as expeditiously as possible to select arbitrators and conclude the dispute. The selected arbitrators must render their decision in writing. The cost and expenses of the arbitration and of enforcement of any award in any court shall be borne by the losing party. If advances are required, each party will advance one-half of the estimated fees and expenses of the arbitrators. Judgment may be entered on the arbitrators= award in any court having jurisdiction. Although arbitration is contemplated to resolve disputes hereunder, either party may proceed to court to obtain an injunction to protect its rights hereunder, the parties agreeing that either could suffer irreparable harm by reason of any breach of this Agreement. Pursuit of an injunction shall not impair arbitration of all remaining issues."
"                 IN WITNESS WHEREOF, the undersigned have executed this Agreement as of the date first above written."
"Secured Financial Network, Inc.




By:
   ---------------------------------
   Jeffrey L. Schultz - Employer
   President
   Secured Financial Network, Inc.
"
"By:
   ---------------------------------
   Michael E. Fasci - Employee"
"NEITHER THE ISSUANCE AND SALE OF THE SECURITIES REPRESENTED BY THIS CERTIFICATE NOR THE SECURITIES INTO WHICH THESE SECURITIES ARE CONVERTIBLE HAVE BEEN REGISTERED UNDER THE SECURITIES ACT OF 1933, AS AMENDED, OR APPLICABLE STATE SECURITIES LAWS.  THE SECURITIES MAY NOT BE OFFERED FOR SALE, SOLD, TRANSFERRED OR ASSIGNED (I) IN THE ABSENCE OF (A) AN EFFECTIVE REGISTRATION STATEMENT FOR THE SECURITIES UNDER THE SECURITIES ACT OF 1933, AS AMENDED, OR (B) AN OPINION OF COUNSEL (WHICH COUNSEL SHALL BE SELECTED BY THE HOLDER), IN A GENERALLY ACCEPTABLE FORM, THAT REGISTRATION IS NOT REQUIRED UNDER SAID ACT OR (II) UNLESS SOLD PURSUANT TO RULE 144 OR RULE 144A UNDER SAID ACT.  NOTWITHSTANDING THE FOREGOING, THE SECURITIES MAY BE PLEDGED IN CONNECTION WITH A BONA FIDE MARGIN ACCOUNT OR OTHER LOAN OR FINANCING ARRANGEMENT SECURED BY THE SECURITIES."
"FOR VALUE RECEIVED, REDFIN NETWORK, INC. F/K/A SECURED FINANCIAL NETWORK, INC., a Nevada corporation (hereinafter called the “Borrower”), hereby promises to pay to the order of ASHER ENTERPRISES, INC., a Delaware corporation, or registered assigns (the “Holder”) the sum of $50,000.00 together with any interest as set forth herein, on September 8, 2012 (the “Maturity Date”), and to pay interest on the unpaid principal balance hereof at the rate of eight percent (8%) (the “Interest Rate”) per annum from the date hereof (the “Issue Date”) until the same becomes due and payable, whether at maturity or upon acceleration or by prepayment or otherwise. "
This Note may not be prepaid in whole or in part except as otherwise explicitly set forth herein with the prior written consent of the Holder which may be withheld for any reason or no reason. 
"The number of shares of Common Stock to be issued upon each conversion of this Note shall be determined by dividing the Conversion Amount (as defined below) by the applicable Conversion Price then in effect on the date specified in the notice of conversion, in the form attached hereto as Exhibit A (the “Notice of Conversion”), delivered to the Borrower by the Holder in accordance with Section 1.4 below; provided that the Notice of Conversion is submitted by facsimile or e-mail (or by other means resulting in, or reasonably expected to result in, notice) to the Borrower before 6:00 p.m., New York, New York time on such conversion date (the “Conversion Date”).  "
"This Limited, Conditional, and Temporary Waiver and Agreement Regarding Loan Documents (herein, this “Agreement”) is entered into as of November 19, 2018, by and among LIMBACH FACILITY SERVICES LLC, a Delaware limited liability company (the “Borrower”), LIMBACH HOLDINGS LLC, a Delaware limited liability company (the “Parent”), the other Guarantors party hereto, the Lenders party hereto, and FIFTH THIRD BANK, an Ohio banking corporation, as Administrative Agent (the “Administrative Agent”) and L/C Issuer."
"Section 5.          Extensions of Credit. During the Temporary Waiver Period and subject to the terms hereof, the Lenders shall continue to make additional Revolving Loans available to the Borrower in accordance with Section 2 of the Credit Agreement. Any request for credit under the Revolving Credit remains subject to the satisfaction of the conditions precedent set forth in Section 3.1 of the Credit Agreement, except to the extent non-compliance with the conditions set forth therein relate solely to the Existing Defaults."
"The Loan Parties shall actively solicit proposals from other lenders to refinance all of the Obligations, and the Loan Parties shall promptly advise the Administrative Agent of all refinancing proposals they receive. "
"Without limiting the foregoing, (i) on or before February 15, 2019, the Loan Parties shall deliver to the Administrative Agent and the Lenders one or more term sheets from prospective lenders that will provide a full payment in cash of all Obligations; (ii) on or before March 15, 2019, the Loan Parties shall deliver to the Administrative Agent and the Lenders at least one fully-executed commitment letter that will provide a full payment in cash of all Obligations on or before April 12, 2019; and (iii) on or before April 12, 2019, the Obligations shall be paid in full in cash with the proceeds of refinancing credit facilities. "
"Upon the request of the Administrative Agent or at the direction of the Required Lenders, the Loan Parties shall engage a consultant (such engaged entity, the “Successor Consultant”); provided that, the Successor Consultant shall be acceptable to the Administrative Agent and the Required Lenders and the scope of the Successor Consultant’s engagement shall be acceptable to the Administrative Agent and the Required Lenders. "
"
“BORROWER”
 
 
 
LIMBACH FACILITY SERVICES LLC
 
 
 
 
By   
/s/ John T. Jordan, Jr.
 
 
Name: John T. Jordan, Jr.
 
 
Title: Chief Financial Officer
"
"
“GUARANTORS”
 
 
 
LIMBACH HOLDINGS, LLC
 
 
 
 
By
/s/ John T. Jordan, Jr.
 
 
Name: John T. Jordan, Jr.
 
 
Title: Chief Financial Officer
 
 
 
 
LIMBACH HOLDINGS, LLC
 
 
 
 
By
/s/ John T. Jordan, Jr.
 
 
Name: John T. Jordan, Jr.
 
 
Title: Chief Financial Officer
 
 
 
 
LIMBACH COMPANY, LLC
 
 
 
 
By
/s/ John T. Jordan, Jr.
 
 
Name: John T. Jordan, Jr.
 
 
Title: Executive Vice President and Chief Financial Officer
 
 
 
 
HARPER LIMBACH LLC
 
 
 
 
By
/s/ John T. Jordan, Jr.
 
 
Name: John T. Jordan, Jr.
 
 
Title: Treasurer
 
 
 
 
LIMBACH COMPANY LP
 
 
 
 
By
/s/ John T. Jordan, Jr.
 
 
Name: John T. Jordan, Jr.
 
 
Title: Executive Vice President and Chief Financial Officer
"
"
WHEATON BANK & TRUST COMPANY, as a Lender
 
 
 
By 
/s/ David Nelson
 
 
Name: David Nelson
 
 
Title: Assistant Vice President
"
"Financing Agreement, dated as of April 12, 2019, by and among Limbach Holdings, Inc., a Delaware corporation (“Ultimate Parent”), Limbach Holdings LLC, a Delaware limited liability company (“Parent”), Limbach Facility Services LLC, a Delaware limited liability company (“Limbach”), each subsidiary of Limbach listed as a “Borrower” on the signature pages hereto (together with Limbach, each a “Borrower” and collectively, jointly and severally, the “Borrowers”), each subsidiary of Ultimate Parent listed as a “Guarantor” on the signature pages hereto (together with Ultimate Parent, Parent and each other Person that executes a joinder agreement and becomes a “Guarantor” hereunder, each a “Guarantor” and collectively, jointly and severally, the “Guarantors”), the lenders from time to time party hereto (each a “Lender” and collectively, the “Lenders”), Cortland Capital Market Services LLC (“Cortland”), as collateral agent for the Secured Parties (in such capacity, together with its successors and assigns in such capacity, the “Collateral Agent”), Cortland, as administrative agent for the Lenders (in such capacity, together with its successors and assigns in such capacity, the “Administrative Agent”) and CB Agent Services LLC, as origination agent for the Lenders (in such capacity, together with its successors and permitted assigns in such capacity, the “Origination Agent” and together with the Collateral Agent and the Administrative Agent, each an “Agent” and collectively, the “Agents”)."
"The Borrowers have asked the Lenders to extend credit to the Borrowers consisting of (a) a term loan in the aggregate principal amount of $40,000,000, and (b) a multi-draw term loan in the aggregate principal amount of $25,000,000. The proceeds of the term loans shall be used to refinance existing indebtedness of the Borrowers, for general working capital purposes of the Borrowers and to pay fees and expenses related to this Agreement. The Lenders are severally, and not jointly, willing to extend such credit to the Borrowers subject to the terms and conditions hereinafter set forth."
"“Applicable Margin” means, as of any date of determination, with respect to the interest rate of (a) any Reference Rate Loan or any portion thereof, 7.00% per annum, and (b) any LIBOR Rate Loan or any portion thereof, 8.00% per annum, in each case, as such rates may be increased pursuant to Section 7.01(r)(i)."
"“Facility” means the real properties and leases identified on Schedule 1.01(B) and any New Facility hereafter acquired by any Loan Party or any of its Subsidiaries, including, without limitation, the land on which each such facility is located, all buildings and other improvements thereon, and all fixtures located thereat or used in connection therewith."
"Section 1.04         Accounting and Other Terms.
 
(a)          Unless otherwise expressly provided herein, each accounting term used herein shall have the meaning given it under GAAP; provided, that if the Administrative Borrower notifies the Origination Agent that the Borrowers request an amendment to any provision hereof to eliminate the effect of any Accounting Change that has occurred after the Effective Date or in the application thereof on the operation of such provision (or if the Origination Agent notifies the Administrative Borrower that the Required Lenders request an amendment to any provision hereof for such purpose), then the Origination Agent and the Borrowers agree that they will negotiate in good faith amendments to the provisions of this Agreement that are directly affected by such Accounting Change with the intent of having the respective positions of the Lenders and the Borrowers after such Accounting Change conform as nearly as possible to their respective positions immediately before such Accounting Change took effect and, until any such amendments have been agreed upon and agreed to by the Required Lenders, the provisions in this Agreement shall be calculated as if no such Accounting Change had occurred."
"Each party’s obligations under this Section 2.09 shall survive the resignation or replacement of the Administrative Agent or any assignment of rights by, or the replacement of, a Lender, the termination of this Agreement and the repayment, satisfaction or discharge of all obligations under any Loan Document."
" In the event of a direct conflict between the priority provisions of this Section 4.03 and other provisions contained in any other Loan Document, it is the intention of the parties hereto that both such priority provisions in such documents shall be read together and construed, to the fullest extent possible, to be in concert with each other. In the event of any actual, irreconcilable conflict that cannot be resolved as aforesaid, the terms and provisions of this Section 4.03 shall control and govern."
"Section 12.06      Severability. Any provision of this Agreement which is prohibited or unenforceable in any jurisdiction shall, as to such jurisdiction, be ineffective to the extent of such prohibition or unenforceability without invalidating the remaining portions hereof or affecting the validity or enforceability of such provision in any other jurisdiction."
"(a)          This Agreement and the other Loan Documents shall be binding upon and inure to the benefit of each Loan Party and each Agent and each Lender and their respective successors and assigns; provided, however, that none of the Loan Parties may assign or transfer any of its rights hereunder or under the other Loan Documents without the prior written consent of each Lender and any such assignment without the Lenders’ prior written consent shall be null and void."
"(g)          Upon receipt by the Administrative Agent of a completed Assignment and Acceptance, a properly completed and duly executed IRS Form W-9 (or other applicable tax form) and all other documentation and other information required by bank regulatory authorities under applicable “know your customer” and anti-money laundering rules and regulations including, without limitation, the USA PATRIOT Act, and receipt by the Administrative Agent of its fee pursuant to Section 12.07(c)(ii) hereof, and subject to any consent required from the Administrative Agent or the Collateral Agent pursuant to Section 12.07(b) (which consent of the applicable Agent must be evidenced by such Agent’s execution of an acceptance to such Assignment and Acceptance), the Administrative Agent shall accept such assignment, record the information contained therein in the Register (as adjusted to reflect any principal payments on or amounts capitalized and added to the principal balance of the Loans and/or Commitment reductions made subsequent to the effective date of the applicable assignment, as confirmed in writing by the corresponding assignor and assignee in conjunction with delivery of the assignment to the Administrative Agent) and provide to the Collateral Agent a copy of the fully executed Assignment and Acceptance."
"Section 12.12         Consent by the Agents and Lenders. Except as otherwise expressly set forth herein to the contrary or in any other Loan Document, if the consent, approval, satisfaction, determination, judgment, acceptance or similar action (an “Action”) of any Agent or any Lender shall be permitted or required pursuant to any provision hereof or any provision of any other agreement to which any Loan Party is a party and to which any Agent or any Lender has succeeded thereto, such Action shall be required to be in writing and may be withheld or denied by such Agent or such Lender, in its sole discretion, with or without any reason, and without being subject to question or challenge on the grounds that such Action was not taken in good faith."
"
BORROWERS:
 
 
 
LIMBACH FACILITY SERVICES LLC,
a Delaware limited liability company
 
 
 
By:
/s/ John T. Jordan, Jr.
 
 
Name: John T. Jordan, Jr.
 
 
Title: Executive Vice President, Chief Financial Officer and Treasurer
 
 
 
LIMBACH COMPANY LLC,
a Delaware limited liability company
 
 
 
By:
/s/ John T. Jordan, Jr.
 
 
Name: John T. Jordan, Jr.
 
 
Title: Executive Vice President, Chief Financial Officer and Treasurer
 
 
 
 
LIMBACH COMPANY LP,
a Delaware limited partnership
 
 
 
By:
/s/ John T. Jordan, Jr.
 
 
Name: John T. Jordan, Jr.
 
 
Title: Executive Vice President, Chief Financial Officer and Treasurer
 
 
 
HARPER LIMBACH LLC,
a Delaware limited liability company
 
 
 
By:
/s/ John T. Jordan, Jr.
 
 
Name: John T. Jordan, Jr.
 
 
Title: Treasurer
 
 
 
HARPER LIMBACH CONSTRUCTION LLC,
a Delaware limited liability company
 
 
 
By:
/s/ John T. Jordan, Jr.
 
 
Name: John T. Jordan, Jr.
 
 
Title: Treasurer
"
"
COLLATERAL AGENT AND ADMINISTRATIVE AGENT:
 
 
 
CORTLAND CAPITAL MARKET SERVICES LLC
 
 
By:
/s/ Emily Ergang Pappas
 
 
Name: Emily Ergang Pappas
 
 
Title: Associate Counsel
"
"
LENDER:
 
 
 
CM FINANCE SPV LTD.
 
 
 
By:
/s/ Rocco DelGuercio
 
 
Name: Rocco DelGuercio
 
 
Title: Chief Financial Officer
"
"This PLEDGE AND SECURITY AGREEMENT, dated as of April 12, 2019 (this “Agreement”), is made by each of the Loan Parties party hereto (each a “Grantor” and collectively, the “Grantors”), in favor of Cortland Capital Market Services LLC (“Cortland”), in its capacity as collateral agent for the Secured Parties referred to below (in such capacity, together with its successors and assigns in such capacity, if any, the “Collateral Agent”)."
"WHEREAS, Limbach Holdings, Inc., a Delaware corporation (“Ultimate Parent”), Limbach Holdings LLC, a Delaware limited liability company (“Parent”), Limbach Facility Services LLC, a Delaware limited liability company (“Limbach”), each subsidiary of Limbach listed as a “Borrower” on the signature pages thereto (together with Limbach, each a “Borrower” and collectively, the “Borrowers”), each subsidiary of Ultimate Parent listed as a “Guarantor” on the signature pages thereto (together with Ultimate Parent, Parent and each other Person that executes a joinder agreement and becomes a “Guarantor” thereunder, each a “Guarantor” and collectively, the “Guarantors”), the lenders from time to time party thereto (each a “Lender” and collectively, the “Lenders”), the Collateral Agent, Cortland, as administrative agent for the Lenders (in such capacity, together with its successors and assigns in such capacity, the “Administrative Agent”) and CB Agent Services LLC, as origination agent for the Lenders (in such capacity, together with its successors and permitted assigns in such capacity, the “Origination Agent” and together with the Collateral Agent and the Administrative Agent, each an “Agent” and collectively, the “Agents”) are parties to that certain Financing Agreement, dated as of April 12, 2019 (such agreement, as amended, restated, supplemented, modified or otherwise changed from time to time, including any replacement agreement therefor, being hereinafter referred to as the “Financing Agreement”);"
(a)          All initially capitalized terms used herein (including in the preamble and recitals hereof) without definition shall have the meanings ascribed thereto in the Financing Agreement. 
"This Home Services Provider Agreement (including all Exhibits and Schedules hereto, this “Agreement”) is entered into this first (1st) day of May, 2007 (the “Effective Date”), between DIRECTV, Inc., a California corporation (“DIRECTV”), and 180 Connect, Inc. (“Contractor”). DIRECTV and Contractor may also be collectively referred to herein as the “Parties.” "
"  A. DIRECTV is a provider of direct broadcast satellite (“DBS”) services to consumers which include video, audio, data and other programming delivered via specialized satellite receiving equipment. "
"     B. DIRECTV is also engaged in the business of selling digital satellite system equipment consisting of a satellite antenna (including the LNB) and an integrated receiver/decoder (including a remote control) (“DIRECTV System”), which is compatible and fully operable with DIRECTV’s DBS services. "
"   a. Authority. DIRECTV hereby engages Contractor to provide services in the installation and maintenance of DIRECTV System Hardware (the “Services,” or “Fulfillment Services” when referring specifically to initial customer installation services only) as defined herein and as identified in Exhibit l.a.i. attached hereto for DIRECTV customers located in areas specified in Exhibit 1.a.ii. attached hereto, which services shall be performed in accordance with this Agreement and a Work Order (as defined below) issued by DIRECTV in connection therewith. Additional installation and/or maintenance services for DIRECTV-related products, other products (each such service an “Additional Service”), shall be individually defined in a separate Statement of Work, the rates for such Additional Services included, and shall be attached hereto and incorporated herein as Exhibit 1.a.iii."
"          e. Reservation of Rights. Contractor expressly acknowledges and agrees that all rights in and to the satellite transmission of DIRECTV’s DBS services, the DIRECTV System and the renting, sale, installation and maintenance of the DIRECTV System are reserved to DIRECTV and nothing in this Agreement shall be deemed to restrict in any manner the right or ability of DIRECTV to distribute its DBS services or the DIRECTV System itself or through other parties, or provide any Services to DIRECTV customers itself or through any other party. "
" 15. Insurance. From and after the date of this Agreement: 
          a. Coverage. Contractor shall obtain and maintain insurance, as provided by a licensed insurer with a Best’s rating of A- VIII or better, with coverage and limits as follows: 
               (i) Contractor shall carry a policy (or policies) of Workers Compensation Insurance covering Contractor’s employees in each jurisdiction in which Contractor is performing work pursuant to this Agreement. Each such policy shall be on a form approved for use in each state in which work is being performed and shall provide, at a minimum, statutory Workers’ Compensation coverage and Employer’s Liability Insurance at limits of not less than $500,000.00 per employee per accident for Bodily Injury by Accident, $500,000.00 per employee per occupational disease and $500,000.00 for all occupational diseases. If Contractor shall be performing work pursuant to this Agreement in a state known as a “Monopolistic” state, or if Contractor has qualified in any state as a self insurer, the Employers’ Liability coverage for that state may be attached either to another Workers’ Compensation policy or to the Commercial General Liability coverage. "
"     This Home Services Provider Agreement (including all Exhibits and Schedules hereto, this “Agreement”) is entered into this first (15t) day of May, 2007 (the “Effective Date”), between DIRECTV, Inc., a California corporation (“DIRECTV”), and Mountain Satellite, Inc. (“Contractor”). DIRECTV and Contractor may also be collectively referred to herein as the “Parties.” "
"   THIS AGREEMENT is between 180 Connect, Inc., a Nevada corporation (the “Company’), and Kyle M. Hall (“Executive”). "
" The Company shall employ Executive, and Executive hereby accepts employment with the Company, upon the terms and conditions set forth in this Agreement for the Employment Term (see Section 24 for all definitions). "
"  It is agreed that the governance committee of the Parent’s Board of Director’s shall serve as the final arbiter of interpretation, application and execution of all provisions of this Agreement to the extent not otherwise specified. "
"      (b) Executive shall devote Executive’s best efforts and Executive’s full business time and attention (except for permitted vacation periods and reasonable periods of illness or other incapacity in accordance with the Company’s applicable policies, as they may be amended from time to time) to the business and affairs of the Related Companies. "
"  (a) The Employment Term of this Agreement shall terminate upon; 
      (i) the expiration of the Initial Term or Renewal Term (whichever then applies) if one party gives the other party written notice of intent not to renew this Agreement at least one hundred and eighty (180) days before the expiration of the Initial Term or Renewal Term then in effect; or 
      (ii) the occurrence of one of the following early termination events: 
     (A) Executive’s death or permanent disability or incapacity (as determined by the governance committee of the Parent’s Board of Directors in their good faith judgment); 
     (B) the mutual agreement of the Company and Executive; 
     (C) Company’s termination of this Agreement for Cause or without Cause; or 
     (D) Executive’s termination of this Agreement for Good Reason or without Good Reason. "
"     10.     Survival. The Post-termination obligations of Executive provided for in this Agreement (including, without limitation, Sections 6, 7, 8, 20 and 21) shall survive and continue in full force in accordance with their terms notwithstanding any termination of the Employment Term. "
"     9.     Executive’s Representations. Executive hereby represents and warrants to the Company that (i) the execution, delivery and performance of this Agreement by Executive do not and shall not conflict with, breach, violate or cause a default under any contract, agreement, instrument, order, judgment or decree to which Executive is a party or by which Executive is bound, (ii) Executive is not a party to or bound by any employment agreement, noncompete agreement or confidentiality agreement with any other person or entity and (iii) upon the execution and delivery of this Agreement by the Company, this Agreement shall be the valid and binding obligation of Executive, enforceable in accordance with its terms. Executive hereby acknowledges and represents that Executive has had an opportunity to consult with independent legal counsel regarding Executive’s rights and obligations under this Agreement and that Executive fully understands the terms and conditions contained herein. "
"     13.     Complete Agreement. This Agreement and those documents expressly referred to herein and other documents of even date herewith embody the complete agreement and understanding among the parties and supersede and preempt any prior understandings, agreements or representations by or among the parties, written or oral, which may have related to the subject matter hereof in any way. "
"     12.     Severability. Whenever possible, each provision of this Agreement shall be interpreted in such manner as to be effective and valid under applicable law, applying the laws of the State of Colorado in accordance with Section 17 of this Agreement, but if any provision of this Agreement is held to be invalid, illegal or unenforceable in any respect under any applicable law or rule in any jurisdiction, such invalidity, illegality or unenforceability shall not affect any other provision or any other jurisdiction, but this Agreement shall be reformed, construed and enforced in such jurisdiction as if such invalid, illegal or unenforceable provision had never been contained herein."
"     13.     Complete Agreement. This Agreement and those documents expressly referred to herein and other documents of even date herewith embody the complete agreement and understanding among the parties and supersede and preempt any prior understandings, agreements or representations by or among the parties, written or oral, which may have related to the subject matter hereof in any way. "
"     17.     Choice of Law, Venue and Personal Jurisdiction. All issues and questions concerning the construction, validity, enforcement and interpretation of this Agreement and the exhibits and schedules hereto shall be governed by, and construed in accordance with, the laws of the State of Colorado, without giving effect to any choice of law or conflict of law rules or provisions (whether of the State of Colorado or any other jurisdiction) that would cause the application of the laws of any jurisdiction other than the State of Colorado. Executive expressly agrees that the venue of any proceeding concerning the construction, validity, enforcement and interpretation of this Agreement shall be Denver County, Colorado, and further expressly consents to personal jurisdiction in the federal or state courts in the State of Colorado. "
"     20.     Arbitration Provisions. Executive and the Company mutually agree to resolve all legal claims that either party may have (including, without limitation, claims related to employment, application or candidacy for employment, or cessation of employment with the Company) through binding arbitration subject to the terms and conditions provided below. Notwithstanding the foregoing, (a) either party may pursue a temporary restraining order and/or preliminary injunctive relief, with expedited discovery where necessary, in a court of law to protect common law or contractual trade-secret or confidential-information rights and to prevent unfair competition, until such time as an arbitration of all issues of final relief regarding same can be conducted, and (b) insured workers compensation claims (other than wrongful discharge claims), and claims for unemployment insurance are excluded from arbitration under this agreement. Claims covered by this arbitration agreement will be pursued in an individual claimant proceeding and not as part of representative, collective, or class action. This Agreement does not prevent the filing of charges with administrative agencies, such as the Equal Employment Opportunity Commission, the National Labor Relations Board, or equivalent state agencies. Nothing in this Agreement prevents a party from participating in any investigation or proceeding conducted by such an agency. However, Executive agrees not to pursue or accept any legal remedies against Company through any procedure or forum other than arbitration provided for in this agreement. This agreement will be controlled by the Federal Arbitration Act (FAA) and enforced pursuant to the FAA, except that state law may be applied where necessary to make this agreement enforceable if the FAA does not apply. "
"     The arbitration will be conducted by a mutually agreeable arbitration service or the American Arbitration Association (AAA) in Denver, Colorado if no other service is agreed upon. "
"     22.     Reconciliation of Existing Rights and Interests. Executive agrees that any and all rights to the use and control of Trade Secrets, Confidential Information, proprietary training, and Company goodwill, that Executive may have acquired in the course of past association with the Company are hereby transferred to Company if same are not already exclusively held by Company, and Executive waives any and all claims that Executive may have to the contrary. "
"     23.     Third Party Beneficiary. The protections and rights provided to the Company through this contract shall inure to the benefit of Parent and Related Companies as third party beneficiaries, and shall be fully enforceable by the Parent and Related Companies to protect and promote their interests, to the maximum extent allowed by law. "
"     IN WITNESS WHEREOF, the parties hereto have executed this Agreement on the dates indicated below, with the understanding that the Effective Date of this Agreement is October 17, 2007. "
"
180 CONNECT, INC.
 
 
 
By:  
/s/ Peter Giacalone  
 
 
 
Name:  
Peter Giacalone 
 
 
 
Title:  
Chief Executive Officer  
 
 
 
Date:  
 December 21, 2007
"
"This Change in Control Agreement (this “Agreement”) is made effective as of January 24, 2020 between Ovintiv Inc., a corporation incorporated under the laws of the State of Delaware (the “Corporation”), and Renee E. Zemljak of the City of Denver in the State of Colorado (the “Executive”)."
"WHEREAS the Board of Directors of the Corporation (the “Board”) has determined that it is in the best interests of the Corporation and its shareholders to assure that the Corporation will have the continued dedication of the Executive, notwithstanding the possibility or threat of a Change in Control (as defined herein);
AND WHEREAS the Board believes it is imperative to diminish the inevitable distraction of the Executive by virtue of the personal uncertainties and risks created by a pending or threatened Change of Control and to encourage the Executive’s full attention and dedication to the Corporation in the event of any threatened or pending Change of Control, and to provide the Executive with compensation and benefits arrangements upon a Change of Control that ensure that the compensation and benefits expectations of the Executive will be satisfied and that provide the Executive with compensation and benefits arrangements that are competitive with those of other companies;
AND WHEREAS to accomplish these objectives, the Board has caused the Corporation to enter into this Agreement;
NOW THEREFORE, in consideration of the covenants and agreements hereinafter set forth and for other good and valuable consideration (the receipt and sufficiency whereof are hereby acknowledged by each of the Executive and the Corporation (each, a “Party” and collectively, the “Parties”), the Parties hereby mutually covenant and agree as follows:
"
"1.1
Term. This Agreement shall commence on the date hereof and shall continue in effect during the Executive’s employment with the Corporation as an executive officer until such time as there shall occur a Change in Control of the Corporation and for a period of two years following the Effective Date (as defined below) of such Change in Control (the “Term”); provided, however, that the payment of compensation and benefits to the Executive under this Agreement may continue beyond the end of the Term in accordance with the applicable provisions of this Agreement."
2.4 “Effective Date” means the date of the occurrence of a Change in Control.
"
(c)
Relocation. The Corporation requiring the Executive to be based more than 50 miles from where the Executive is based immediately prior to the Change in Control, except for: (i) required travel on the Corporation’s business to an extent substantially consistent with the Executive’s business travel obligations in the ordinary course of business immediately prior to the Change in Control; or (ii) if the Executive has been relocated or repatriated by the Corporation prior to the Change in Control, such relocation as may be required by applicable law or performed in accordance with an agreement (whether written or unwritten) entered into between the Corporation (or an Affiliate) and the Executive prior to the Change in Control; or"
"3.1
Notice of Termination. Any termination of the Executive’s employment either by the Executive for Good Reason or by the Corporation for Cause or without Cause, as applicable, shall be communicated by written Notice of Termination to the Executive or to the Corporation, as the case may be, in accordance with Section 8.0 hereof."
"The Corporation shall pay the Executive, in cash, in a lump sum, on the thirtieth (30th) day following the Date of Termination (the “Payment Date”), the sum of (i) the Executive’s full base salary through the Date of Termination at the rate in effect at the time the Notice of Termination is given (disregarding any reduction thereto that constitutes Good Reason), (ii) all accrued but unused vacation determined as of the Date of Termination, determined based upon the Executive’s Severance Salary Rate (as defined below) and the Corporation’s vacation policy in effect on the Date of Termination (or, if more favorable to the Executive, the vacation policy in effect as of immediately prior to the Effective Date), (iii) the Executive’s annual bonus for the fiscal year immediately preceding the fiscal year in which the Date of Termination occurs, if such bonus has been determined but not paid as of the Date of Termination, and (iv) the Executive’s business expenses that are reimbursable pursuant to the applicable policy of the Corporation as in effect on the Date of Termination but have not been reimbursed by the Corporation as of the Date of Termination."
"
(f)
Equity Awards. Each outstanding equity and equity-based compensation award granted by the Corporation to the Executive shall be treated in accordance with the terms of the plan and award agreement under which it was originally granted.
"
"Such services shall be provided throughout the Severance Period, including the preparation of the Executive’s tax return(s) for the tax year during which the Severance Period ends."
"The Corporation shall pay the Executive's actual legal or professional fees and expenses incurred by the Executive in seeking to obtain or enforce any right or benefit provided by this Agreement up to US$100,000 (and, if a court or other tribunal finds in favor of the Executive, any such fees or expenses that are in excess of US$100,000). "
"Such fees or expenses shall be reimbursed by the Corporation reasonably promptly following receipt of a copy of any invoice from the Executive evidencing the payment by the Executive of such fees or expenses. If such fees or expenses are paid in Canadian dollars, the application of the US$100,000 cap under this Section 5.0 shall be applied by converting the reimbursed amounts to U.S. dollars based on the spot exchange rate at the time of the reimbursement."
"6.1
This Agreement, including the schedules hereto, constitutes the entire agreement between the Parties hereto concerning change in control benefits and obligations and supersedes all prior agreements or understandings, including the Prior Agreement, except that each outstanding equity and equity-based compensation award granted by the Corporation to the Executive shall be treated in accordance with the terms of the plan and award agreement under which it was granted, including any such terms that relate to change in control benefits. "
"
The Parties acknowledge and agree that this Agreement supersedes and replaces the Change in Control Agreement between Encana Corporation and the Executive dated February 14, 2018 (the “Prior Agreement”) in its entirety, which such Prior Agreement shall be of no further force and effect as of the date hereof."
"Assumption by Successors. The Corporation will require any successor (whether direct or indirect, and whether by purchase, merger, consolidation or otherwise) to (a) all or substantially all of the business and/or assets of the Corporation in a transaction that constitutes a Change in Control, or (b) on or after the Effective Date and prior to the end of the Term, to the business in connection with which the Executive’s services are principally performed after a Change in Control in circumstances where the Executive’s employment is transferred to such successor, to expressly assume and to agree to perform this Agreement in the same manner and to the same extent as the Corporation, as if no such succession had taken place. Failure of the Corporation to obtain such assumption and agreement prior to the effectiveness of any such succession shall constitute Good Reason for purposes of this Agreement. "
"7.2
Assignment; Binding Agreement. 
 
(a)
This Agreement is personal to the Executive, and, without the prior written consent of the Corporation, shall not be assignable by the Executive. This Agreement shall inure to the benefit of and be enforceable by the Executive and the Executive’s legal representatives and, and if the Executive should die while any amount remains due to the Executive under 
 

 

this Agreement, such amount shall be paid in accordance with the terms of this Agreement to the Executive’s legatee, if there is no such legatee, to the Executive’s estate.
 
(b)
Except as provided in Section 7.1, without the prior written consent of the Executive, this Agreement shall not be assignable by the Corporation. This Agreement shall inure to the benefit of and be binding upon the Corporation and its successors and permitted assigns. 
"
"If to the Corporation:
Ovintiv Inc.  370 17th Street, Suite 1700
Denver, CO 80202 Attention: Executive Vice-President, Corporate Services Facsimile: (303) 623-2400
"
"If to the Executive:
At the Executive’s most recent address, facsimile number, or email address, as applicable, on file with the Corporation.
"
"
To the extent that Section 409A of the U.S. Internal Revenue Code of 1986, as amended (the “Code”) (together with any related regulations or other guidance promulgated by the U.S. Department of the Treasury or the Internal Revenue Service, “Section 409A”) is applicable to the Executive, this Agreement and any payment, distribution or other benefit hereunder is intended to comply with the requirements of Section 409A or an applicable exemption or exclusion therefrom, and shall be interpreted and administered in accordance with such intent in all respects; provided, that for the avoidance of doubt, this provision shall not be construed to require a gross-up payment in respect of any taxes, interest or penalties imposed on Executive as a result of Section 409A.
"
"
If the Accounting Firm determines that aggregate Agreement Payments should be reduced so that the Parachute Value of all Payments, in the aggregate, equals the Safe Harbor Amount, the Corporation shall promptly give the Executive notice to that effect and a copy of the detailed calculation thereof. 
"
"11.5
Currency. All amounts due under this Agreement shall be paid calculated and paid in the currency in which the Executive’s base salary is paid as of immediately prior to the Date of Termination.
"
"OVINTIV INC.
 
Per:
/s/ Douglas J. Suttles                  
 

Name: Douglas J. Suttles Title: Chief Executive Officer
 

January 24, 2020
 
Per:
/s/ Michael Williams                    
 

Name: Michael Williams Title: Executive Vice-President, Corporate Services
 

January 24, 2020
"
"
RENEE E. ZEMLJAK
/s/ Renee E. Zemljak                  
Renee E. Zemljak
January 24, 2020
"
"This Change in Control Agreement (this “Agreement”) is made effective as of January 24, 2020 between Ovintiv Inc., a corporation incorporated under the laws of the State of Delaware (the “Corporation”), and Michael Williams of the City of Calgary in the Province of Alberta (the “Executive”)."
"
This Agreement, including schedules hereto, constitutes the entire agreement between the Parties hereto concerning change in control benefits and obligations and supersedes all prior agreements or understandings, including the Prior Agreement, except that each outstanding equity and equity-based compensation award granted by the Corporation to the Executive shall be treated in accordance with the terms of the plan and award agreement under which it was granted, including any such terms that relate to change in control benefits. 
"
"
The Parties acknowledge and agree that this Agreement supersedes and replaces the Change in Control Agreement between Encana Corporation and the Executive dated February 14, 2018 (the “Prior Agreement”) in its entirety, which such Prior Agreement shall be of no further force and effect as of the date hereof.
"
"
This Agreement is personal to the Executive, and, without the prior written consent of the Corporation, shall not be assignable by the Executive. 
"
"The Executive shall not be required to mitigate the amount of any payment provided for in this Agreement by seeking other employment or otherwise, nor shall the amount of any payment or benefit provided to the Executive by the Corporation referred to in this Agreement be reduced by any compensation earned by, or benefits paid to, the Executive as the result of employment, whether by another employer or self-employment, or by pension benefits after the Date of Termination, or otherwise, except as specifically provided in this Agreement."
"The invalidity or unenforceability of any provision of this Agreement shall not affect the validity or enforceability of any other provision of this Agreement, which shall remain in full force and effect."
"11.5
Currency."
7.a(i) Governing law
"MEMBERSHIP INTEREST PURCHASE AGREEMENT, dated as of March 6, 2015 (the “Agreement”), among MONROVIA MONEY TRAIN, INC., a Delaware corporation (the “Buyer”), MONEY TRAIN TITLE LOANS, a Utah limited liability company (the “Money Train”), ON TRACK, LLC, a Utah limited liability company (“On Track,” and together with Money Train, the “Companies” and, each a “Company”) and the other parties set forth on Schedule A hereto (the “Sellers”)."
"NOW, THEREFORE, in consideration of the foregoing premises and the respective representations and warranties, covenants and agreements contained herein, the parties hereto agree as follows:"
"“Action” means any claim, action, suit, inquiry, hearing, proceeding or other investigation."
"“Business Day” means a day other than a Saturday, Sunday or other day on which banks located in Midvale City, Utah are authorized or required by Law to close."
2.1 Purchase and Sale of the Interests.
"Upon the terms and subject to the conditions set forth in this Agreement, at the Closing each Seller will sell, transfer and deliver, and the Buyer will purchase from each Seller, all of the Interests set forth opposite such Seller’s name on Schedule A under the heading “Number of Interests” for a purchase price per Interest (each interest being equal to 1% of each of the Companies) of Sixty Thousand Dollars ($60,000) (the “Per-Interest Payment”), for an aggregate purchase price for all of the Interests of (a) Four Million, Five Hundred Thousand Dollars ($4,500,000) in cash, plus (b) One Million Dollars ($1,000,000) worth of Common Shares (the “Holdings Shares”) of the Buyer’s parent company, 1847 Holdings LLC, a Delaware limited liability company (“Holdings”) (collectively, the cash portion of the purchase price and the Holdings Shares are referred to as the “Aggregate Purchase Price”), payable as set forth in Section 2.4."
"The consummation of the Acquisition (the “Closing”) will take place by the reciprocal delivery of closing documents by electronic mail, regular mail, fax or any other means mutually agreed upon by the Parties on a date that is no later than two Business Days immediately following the day on which the last of the conditions to closing contained in Article VII (other than any conditions that by their nature are to be satisfied at the Closing) is satisfied or waived in accordance with this Agreement or at such other location or on such other date as the Buyer and the Companies may mutually determine (the date on which the Closing actually occurs is referred to as the “Closing Date”). The Parties expect the Closing to occur no later than May 1, 2015."
"At the Closing, (i) the Sellers will deliver to the Buyer a certificate or certificates representing the Interests, if certificated, duly endorsed or accompanied by membership interest powers duly endorsed in blank, (ii) the Sellers will execute and deliver an amended and restated limited liability company operating agreement for each of the Companies that shows the Buyer as the owner of 100% of the Interests of each of the Companies and (ii) the Sellers will deliver to the Buyer all other documents, instruments or certificates required to be delivered by the Sellers at or prior to the Closing pursuant to this Agreement."
"Each of the Sellers, jointly and severally, represents and warrants to the Buyer that each statement contained in this Article III is true and correct as of the date hereof, except as set forth in the Schedules accompanying this Agreement (collectively, the “Disclosure Schedule”). The Disclosure Schedule has been arranged for purposes of convenience only, in sections corresponding to the Sections of this Article III and Article IV. Each section of the Disclosure Schedule will be deemed to incorporate by reference all information disclosed in any other section of the Disclosure Schedule."
"Such Seller holds of record and owns beneficially all of the issued and outstanding Interests of the Companies set forth opposite such Seller’s name on Schedule A under the heading “Number of Interests”, free and clear of all Liens (other than Permitted Liens). The number of Interests set forth opposite such Seller’s name on Schedule A under the heading “Number of Interests” correctly sets forth all of Interests owned of record or beneficially by such Seller."
"Each of the Sellers, jointly and severally, represents and warrants to the Buyer that each statement contained in this Article IV is true and correct as of the date hereof, except as set forth in the Disclosure Schedule."
Neither of the Companies has any Subsidiaries.
"(a) The authorized capitalization of each of the Companies consists of One Hundred (100) Interests (with each Interest constituting a one percent (1%) membership interest in the respective Company), all of which are outstanding. No other equity or equity linked securities of either of the Companies is authorized, issued or outstanding.
"
"Neither of the Companies is not a party to any Tax allocation or sharing agreement, except for the agreements set forth in Section 4.6(e) of the Disclosure Schedule."
Neither of the Companies owns any real property.
"Since the date of the Interim Financial Statements, no event has occurred that has had, individually or in the aggregate, a Material Adverse Effect. Without limiting the generality of the foregoing, since that date:"
"Except as set forth in Section 4.14 of the Disclosure Schedule, there is no Action pending or, to the Knowledge of the Sellers, threatened against either of the Companies that (a) challenges or seeks to enjoin, alter or materially delay the Acquisition or (b) would reasonably be expected to have, individually or in the aggregate, a Material Adverse Effect."
"(c) Brokers’ Fees. The Buyer has no Liability to pay any fees or commissions to any broker, finder or agent with respect to this Agreement, the Acquisition or the transactions contemplated by this Agreement that could result in any Liability being imposed on the Sellers or either of the Companies."
Each of the Companies will use their commercially reasonable efforts to obtain any required third-party consents to the Acquisition and the other transactions contemplated by this Agreement in writing from each Person.
The Exhibits and Schedules identified in this Agreement are incorporated herein by reference and made a part hereof.
"Notwithstanding anything in this Agreement to the contrary, the obligations and Liabilities of the parties hereunder will be without recourse to any stockholder or member of such party or any of such stockholder’s or member’s Affiliates (other than such party), or any of their respective Representatives or agents (in each case, in their capacity as such)."
"BUYER: 

  

MONROVIA MONEY TRAIN, INC.  
 
 
 
 
By:
/s/ Ellery W. Roberts
 
 
Name: Ellery W. Roberts
 
 
Title: CEO
 
 
 
 
Address: 590 Madison Avenue, 18th Floor
New York, NY 10022
Attention: Ellery W. Roberts, CEO
"
"With a copy (which shall not constitute notice) to:

 

BEVILACQUA PLLC
1629 K Street, NW, Suite 300
Washington, DC 20006
Attn: Louis A. Bevilacqua, Esq.
Fax: 301-874-8635
"
"COMPANY: 

MONEY TRAIN TITLE LOANS, LLC 


By:
/s/ Jarrod Clarke
 
 
Name: Jarrod Clarke, Manager
 
 
Title: President and Manager
 

Address: 8661 Sandy Parkway

Sandy, UT 84070


Fax No. 801-930-9575

Attention: ________________________________"
"STOCK PURCHASE AGREEMENT, dated as of November 12, 2018 (the “Agreement”), among 1847 CB, Inc., a Delaware corporation (the “Buyer”), Cornerstone Builders of SW Florida, Inc., a Florida corporation (the “Company”), and Anthony Leopardi (the “Seller”)."
"The Seller is the record and beneficial owner of all of the outstanding shares (the “Shares”) of Common Stock of the Company (the “Common Stock”). The Shares constitute 100% of the issued and outstanding shares of Common Stock of the Company. The Seller desires to sell all of the Shares to the Buyer, and the Buyer desires to purchase all of the Shares from the Seller, upon the terms and subject to the conditions set forth in this Agreement (such sale and purchase of the Shares, the “Acquisition”)."
The Purchase Price shall be decreased by the amount of any outstanding indebtedness of the Company existing as of the Closing Date and the deducted amount shall be utilized to pay off such outstanding indebtedness.
"The consummation of the Acquisition (the “Closing”) will take place by the reciprocal delivery of closing documents by electronic mail, regular mail, fax or any other means mutually agreed upon by the parties hereto on a date that is no later than two (2) Business Days immediately following the day on which the last of the conditions to closing contained in Article VII (other than any conditions that by their nature are to be satisfied at the Closing) is satisfied or waived in accordance with this Agreement or at such other location or on such other date as the Buyer and the Company may mutually determine (the date on which the Closing actually occurs is referred to as the “Closing Date”)."
"All notices, requests and other communications hereunder must be in writing and will be deemed to have been duly given only if delivered personally against written receipt or by facsimile transmission or mailed (by registered or certified mail, postage prepaid, return receipt requested) or delivered by reputable overnight courier, fee prepaid, to the parties hereto at the addresses of the parties as specified below:
 
If to the Buyer:
1847 CB, Inc.
c/o 1847 Holdings LLC
590 Madison Avenue, 21st Floor
New York, NY 10022
Attn: Ellery W. Roberts, CEO
Facsimile:

 
with a copy to:
Bevilacqua PLLC
1050 Connecticut Avenue, NW
Suite 500
Washington, DC 20036
Attn: Louis A. Bevilacqua
Email: lou@bevilacquapllc.com
Facsimile: 202-869-0889
 
 
If to the Company:
Cornerstone Builders of SW Florida, Inc.
3150 Old Metro Pkwy
Ft. Myers, Florida 33916
Attn: Anthony Leopardi
 
 
with a copy to:
Charles Capps, Esq.
Pavese Law Firm
1833 Hendry Street
Fort Myers, Florida 33901
cbc@paveselaw.com
 
 
If to the Seller:
Anthony Leopardi
12851 Vista Pine Cir 
Fort Myers, Florida 33913
"
"
10.10 Severability. If any provision of this Agreement is held to be illegal, invalid or unenforceable under any present or future Law (a) such provision will be fully severable, (b) this Agreement will be construed and enforced as if such illegal, invalid or unenforceable provision had never comprised a part hereof, (c) the remaining provisions of this Agreement will remain in full force and effect and will not be affected by the illegal, invalid or unenforceable provision or by its severance herefrom and (d) in lieu of such illegal, invalid or unenforceable provision, there will be added automatically as a part of this Agreement a legal, valid and enforceable provision as similar in terms of such illegal, invalid or unenforceable provision as may be possible."
"BUYER:

1847 CB, Inc. 

By:
/s/ Ellery W. Roberts 

Name: 
 
Title:
"
"This Confidential Separation Agreement and General Release (""Agreement"") is entered into by and between Jae M. Maxfield (""Employee"") and ChoiceOne Bank (""Employer""). "
" b.          Insurance Coverage. Employee may continue insurance coverage pursuant to the Consolidated Omnibus Reconciliation Act of 1987 (""COBRA""). "
" If Employee elects COBRA coverage, Employer will pay for the first six (6) months, or until Employee becomes covered under another insurance policy, whichever occurs first. Employee will notify Employer if Employee has become covered under another insurance policy."
"Employee shall not, from and after the date of this Agreement, initiate or join in negative or critical comments, discussions, or other communications about, or otherwise disparage Employer, its affiliates, or their products, services, employees, officers, directors, customers, agents, or any other person associated with Employer. "
"ChoiceOne Bank
109 E. Division
P.O. Box 186
Sparta, MI 49345-0186
Ph (616) 887-7366
Fax (616) 887-7990"
" Following are the terms under which you will serve as interim President and Chief Executive Officer of ChoiceOne Bank and ChoiceOne Financial Services, Inc. (collectively, ""ChoiceOne""). "
You will be an independent contractor and not an employee of ChoiceOne. 
"You are not eligible for any employee benefits and will not participate in any bonus, profit-sharing or other plans of ChoiceOne."
"You will serve as interim President and Chief Executive Officer of ChoiceOne Bank and ChoiceOne Financial Services, Inc., and as an officer of other related affiliated entities as requested by the Board of Directors of ChoiceOne Financial Services, Inc. "
Either party may terminate this relationship with or without cause on 15 days' written notice to the other party.
"This TIME-BASED RESTRICTED STOCK UNIT AGREEMENT (this “Agreement”) is made this ______ day of ______________, 20__ between 1ST CONSTITUTION BANCORP, a New Jersey corporation (the “Company”) and ___________________________ (the “Participant”). Capitalized terms used in this Agreement but not defined upon their first usage shall have the meanings ascribed to them in the Company’s 2019 Equity Incentive Plan, as it may be amended from time to time (the “Plan”)."
"The Company hereby grants to the Participant time-based restricted stock units (the “RSUs”), pursuant to the Plan, subject to the terms and conditions of the Plan and this Agreement as in effect from time to time by and among the Company and the Participant. RSUs granted under this Agreement are subject to time-based vesting. The RSU grant is set forth in Exhibit A to this Agreement."
"This PERFORMANCE-BASED RESTRICTED STOCK UNIT AGREEMENT (this “Agreement”) is made this ______ day of ______________, 20__ (the “Grant Date”) between 1ST CONSTITUTION BANCORP, a New Jersey corporation (the “Company”) and ___________________________ (the “Participant”). Capitalized terms used in this Agreement but not defined upon their first usage shall have the meanings ascribed to them in the Company’s 2019 Equity Incentive Plan, as it may be amended from time to time (the “Plan”)."
"This Employment Agreement (this “Agreement”) is dated as of January 1, 2015 and is made by and between 1st Constitution Bancorp, a New Jersey corporation having its principal place of business at 2650 Route 130 North, Cranbury, New Jersey 08512 (the “Company”) and 1st Constitution Bank, a New Jersey commercial bank having its principal place of business at 2650 Route 130 North, Cranbury, New Jersey 08512 (the “Bank”), on one hand and John T. Andreacio, 410 Sunset Avenue, Haworth, New Jersey 07641 (the “Employee”) on the other hand."
" The Bank hereby employs the Employee, and the Employee hereby accepts continued employment by the Bank, as the Executive Vice President and Chief Credit Officer of the Bank."
"THIS AGREEMENT made as of the date February 28-2001, between Global Wireless Services, Inc., a British Columbia corporation, having its principal place of business in Vancouver, British Columbia (hereinafter called the ""Manufacturer"") and Winfield Entertainment Group, having his principal place of business in Burnaby, B.C  (hereinafter referred to as the “Distributor"").
"
"Manufacturer has developed a wireless data product that is used to monitor vending equipment and other such locating devices yet to be defined.
"
"Global WIRELESS SERVICES, INC.


  By: _______________________________
       Dan Mercier President
"
"  ______________, ___


  By:________________________________
     Winfield Entertainment Group
"
"2020 CHINACAP ACQUIRCO, INC., a Delaware corporation (the “Maker”) promises to pay to the order of 2020 INTERNATIONAL CAPITAL GROUP LIMITED, a Cayman Islands company (the “Payee”) the principal sum of One Hundred Fifty Thousand Dollars and No Cents ($150,000.00) in lawful money of the United States of America on the terms and conditions described below."
" The commencement by Maker of a voluntary case under the Federal Bankruptcy Code, as now constituted or hereafter amended, or any other applicable federal or state bankruptcy, insolvency, reorganization, rehabilitation or other similar law, or the consent by it to the appointment of or taking possession by a receiver, liquidator, assignee, trustee, custodian, sequestrator (or other similar official) of Maker or for any substantial part of its property, or the making by it of any assignment for the benefit of creditors, or the failure of Maker generally to pay its debts as such debts become due, or the taking of corporate action by Maker in furtherance of any of the foregoing."
"This Amended and Restated Master Lease (Theriac Rollup, LLC Properties)(this “Master Lease”) is entered into as of March 31, 2015 (the “Effective Date”) between Theriac Rollup, LLC, a Florida limited liability company and its undersigned wholly-owned subsidiaries (“Landlord”), and, collectively, and each of the undersigned entities identified as “Tenant”, for the five (5) real property parcels and improvements thereon (collectively, the “Facilities”) set forth on Schedule 1, as legally described on Exhibit A, (the “Premises”), each used as a radiation or oncology related medical office building (individually as so utilized, as such utilization may be changed pursuant to Section 7.1(a) and collectively, the “Business”). "
"Pursuant to its concurrent Guaranty, Radiation Therapy Services, Inc., now known as 21st Century Oncology, Inc., a Florida corporation (“Guarantor”) has guaranteed Tenant’s obligations hereunder. In consideration of the mutual covenants, conditions and agreements set forth herein, Landlord hereby leases the Premises to Tenant for the Term upon the terms and conditions provided below. Certain capitalized terms used in this Master Lease are defined on Exhibit E."
"   This Master Lease is an amendment and restatement of certain rights and obligations under that certain Master Lease dated as of March 31, 2010 (the “Original Lease”), between Landlord and certain of its wholly-owned subsidiaries and Tenant, as guaranteed by Guarantor, pursuant to the Original Lease and as further evidenced by that certain Continuing Lease Guaranty from Guarantor in favor of Landlord dated on or about the date hereof (the “Guaranty”)."
"Tenant and Landlord each acknowledge and agree that the terms and conditions of this Master Lease constitute a single, indivisible lease of the entire Premises and shall be uniformly applied to the Facilities and the Premises."
"The Minimum Rent, other amounts payable hereunder and all other provisions contained herein have been negotiated and agreed upon based on the intent to lease the entirety of the Premises as a single and inseparable transaction pursuant to this Master Lease, and such Minimum Rent, other amounts and other provisions would have been materially different had the parties intended to enter into separate leases for each of the Facilities or Premises."
"Shumaker, Loop & Kendrick,
101 E. Kennedy Blvd., Suite 2800
Tampa, Florida 33602
Attn: Darrell C. Smith, Esq.
Facsimile: (813) 229-1660"
"    In the event Tenant purchases the Subject Facilities pursuant to this Section 23, this Master Lease shall terminate as to the Subject Facilities and the Minimum Rent due hereunder shall be reduced by the product of (i) the amount of the then current Minimum Rent, and (ii) a fraction, the numerator of which is the portion of Landlord’s Investment allocable to the Subject Facilities and the denominator of which is Landlord’s Investment."
"Landlord has sold and transferred certain of the facilities under the Original Lease to HCP- RTS, LLC, a Delaware limited liability company, pursuant to which a separate Amended and Restated Master Lease (Carter Validus RTS Properties), dated March 31, 2015 has been entered into between HCP-RTS, LLC and certain tenants under the Original Lease for such facilities, and Landlord has retained the ownership of the Facilities identified in this Master Lease."
"   In connection with the retained ownership by Landlord of the Facilities and the Premises identified herein, Landlord and Tenant have executed this Master Lease to evidence their respective rights and obligations with respect to the Facilities and the Premises, and Guarantor has executed this Master Lease to evidence its guaranty of the obligations of Tenant under this Master Lease."
"Landlord, i.e., Theriac Rollup, LLC, and its undersigned wholly-owned subsidiaries, acknowledges that each separate parcel of real property and improvements thereon comprising the Facilities and Premises is owned by one of the undersigned wholly-owned subsidiaries. "
"With respect to this Master Lease and exercise of the rights of Landlord and discharge of the duties and obligations of Landlord with respect to the Facilities and Premises owned by Landlord, each of the undersigned wholly-owned subsidiaries of Theriac Rollup, LLC hereby appoints Theriac Rollup, LLC as its agent with power of attorney, coupled with an interest, to collect rents, to exercise all of the other rights of Landlord and to perform and discharge any and all duties and obligations of Landlord under this Master Lease with respect to the Facilities and Premises owned by such undersigned wholly-owned subsidiary of Theriac Rollup, LLC. "
" Tenant has delivered to Landlord a schedule of all lenders, purchase money equipment financiers, equipment lessors, and other parties who, other than Tenant, have any liens, security interests, ownership interests, or other similar interests in and to any Tenant Personal Property with a value of or exceeding One Hundred Thousand Dollars ($100,000.00) (the “Tenant Property Schedule”). "
"THIS THIRD AMENDED AND RESTATED MASTER LEASE AGREEMENT (this “Lease”) is made as of December 14, 2015 (the “Effective Date”), by and between STORE MASTER FUNDING VI, LLC, a Delaware limited liability company (“Lessor”), whose address is 8501 E. Princess Drive, Suite 190, Scottsdale, Arizona 85255, and SOUTH FLORIDA RADIATION ONCOLOGY, LLC, a Florida limited liability company (“Lessee”), whose address is 3343 State Road 7, Wellington, Florida 33499. Capitalized terms not defined herein shall have the meanings set forth in Exhibit A hereto."
"This Lease amends and restates in its entirety that certain Second Amended and Restated Master Lease Agreement dated May 2, 2014 by and between Lessor and Lessee (the “Original Lease”). The terms of the Original Lease shall remain in force and effect as to the period ending on 11:59 P.M. prior to the Effective Date. The terms contained in this Lease shall apply to and be effective with respect to the period from and after the Effective Date, without novation, replacement or substitution of the Original Lease and the leasehold estate of Lessee shall mean the estate commencing under the Original Lease."
"Throughout the Lease Term, Lessee shall maintain, with respect to each of the Properties, at its sole expense, the following types and amounts of insurance, in addition to such other insurance as Lessor may reasonably require from time to time:"
"(d)                                 Blanket Policies. Notwithstanding anything to the contrary in this Section 6.03, any insurance which Lessee is required to obtain pursuant to this Section 6.03 may be carried under a “blanket” policy or policies covering other properties or liabilities of Lessee provided that such “blanket” policy or policies otherwise comply with the provisions of this Section 6.03."
"This “Master Lease #2” is entered into as of August 29, 2011 (the “Effective Date”) between Theriac Rollup 2, LLC, a Florida limited liability company and its undersigned wholly-owned subsidiaries (collectively, “Landlord”), and each of the undersigned entities identified as “Tenant”, for the real properties and improvements thereon (collectively, the “Facilities”) set forth on Schedule 1, as legally described on Exhibit A, (the “Premises”), each used as a radiation or oncology related medical office building (individually as so utilized, as such utilization may be changed pursuant to Section 7.1(a) and collectively, the “Business”). Pursuant to its concurrent Guaranty, Radiation Therapy Services, Inc., a Florida corporation (“Guarantor”) has guaranteed Tenant’s obligations hereunder. In consideration of the mutual covenants, conditions and agreements set forth herein, Landlord hereby leases the Premises to Tenant for the Term upon the terms and conditions provided below. Certain capitalized terms used in this Master Lease are defined on Exhibit E."
"With respect to this Master Lease and exercise of the rights of Tenant and discharge of the duties and obligations of Tenant with respect to the Facilities and Premises occupied by Tenant, certain of the undersigned entities identified as “Tenant” have heretofore or do hereby appoint Guarantor as their agent with power of attorney, coupled with an interest, to pay rent and to exercise all of the other rights of Tenant and to perform and discharge any and all duties and obligations of Tenant under this Master Lease with respect to the Facilities and Premises occupied by such undersigned entity. "
"THIS FACILITY AND MANAGEMENT SERVICES AGREEMENT (the “Agreement”), dated as of January 2, 2015, is by and between Northwest Cancer Care Management Company, LLC a Washington limited liability company (“Manager”), and Northwest Cancer Care Associates, P.C. a Washington professional corporation (“Medical Group”). Manager and Medical Group are each individually referred to in this Agreement as a “Party” and, collectively, as the “Parties.”"
"A.                                    Medical Group is a provider of radiation oncology (the “Medical Specialty”) in Benton County, Washington."
"Manager operates and manages facilities used by licensed physicians to practice various professional medical services, including but not limited to the Medical Specialty."
"The Equipment provided hereunder shall, at all times, be and remain the property of Manager."
"       Manager shall engage Financial Services of Southwest Florida, a Florida limited liability company (“FSS”) to provide billing and collection services on behalf of Medical Group pursuant to that certain Billing Services Agreement between Manager and FSS (the “Billing Services Agreement”)."
"The parties hereto have reviewed and evaluated the compensation to be paid by Medical Group to Manager for the facilities, Equipment, supplies, personnel and services hereunder and have determined it to be commercially reasonable, to be commensurate with fair market value and to not in any way be based upon the volume or value of patient referrals or any other business generated between the parties hereto or any of their affiliates."
"This Addendum (the “Addendum”) is entered into as of January 1, 2012, by and among NEW YORK RADIATION THERAPY MANAGEMENT SERVICES, LLC., a New York limited liability company (“MANAGEMENT SERVICES”) and YONKERS RADIATION MEDICAL PRACTICE, P.C., a New York professional corporation (the “PC”).  "
" From and after the date hereof, Section 3.1 shall read as follows:"
"This Addendum (the “Addendum”) is entered into effective as of January 1, 2012, by and between NORTH CAROLINA RADIATION THERAPY MANAGEMENT SERVICES, LLC., a North Carolina limited liability company (“MANAGEMENT SERVICES”) and RADIATION THERAPY ASSOCIATES OF WESTERN NORTH CAROLINA, P.A., a North Carolina professional corporation (the “PA”). "
The parties acknowledge that Management Services neither provides direct marketing services currently under the Agreement nor does this Amendment provide for Management Services to provide direct marketing services.
"SUPPLEMENT No. 13 dated as of September 29, 2011 to the Guaranty and Collateral Agreement (the “Collateral Agreement”) dated as of February 21, 2008, among RADIATION THERAPY SERVICES HOLDINGS, INC., a Delaware corporation (“Parent”), RADIATION THERAPY SERVICES, INC., a Florida corporation (“Borrower”), each subsidiary of Borrower listed on Schedule I thereto (each such subsidiary individually a “Subsidiary Guarantor” and collectively, the “Subsidiary Guarantors”); the Subsidiary Guarantors and Borrower are referred to collectively herein as the “Grantors”) and WELLS FARGO BANK, NATIONAL ASSOCIATION (as successor to WACHOVIA BANK, NATIONAL ASSOCIATION), (“Wells”), as Collateral Agent (in such capacity, the “Collateral Agent”)."
"Reference is made to the Credit Agreement dated as of February 21, 2008 (as amended, supplemented or otherwise modified from time to time, the “Credit Agreement”), among Parent, Borrower, the lenders from time to time party thereto, Wells, as Administrative Agent and the other financial institutions party thereto."
